{
    "rounds": [
        1,
        2,
        3,
        4,
        5,
        6,
        7,
        8,
        9,
        10,
        11,
        12,
        13,
        14,
        15,
        16,
        17,
        18,
        19,
        20
    ],
    "accuracy": [
        0.0447,
        0.1335,
        0.1335,
        0.1335,
        0.2471,
        0.2471,
        0.2471,
        0.1468,
        0.1335,
        0.1335,
        0.1427,
        0.1427,
        0.1427,
        0.1427,
        0.1427,
        0.1428,
        0.1427,
        0.1427,
        0.1427,
        0.1427
    ],
    "loss": [
        10765260.2388,
        1787672828.8437,
        30241798362.5522,
        212818737853.3073,
        1590042916949.0242,
        4718635117976.858,
        12002263357582.088,
        31373582033774.773,
        125593150095414.78,
        190710799876529.7,
        341317562502148.9,
        692498482096821.4,
        1519655871849094.0,
        2775123263012868.5,
        4210802543646816.5,
        8851948512134622.0,
        1.3148418313109244e+16,
        2.208926015528943e+16,
        3.3780415398501396e+16,
        5.256902455958235e+16
    ],
    "macro_f1": [
        0.0344,
        0.0336,
        0.0336,
        0.0336,
        0.0566,
        0.0566,
        0.0566,
        0.0656,
        0.0336,
        0.0336,
        0.0357,
        0.0357,
        0.0357,
        0.0357,
        0.0357,
        0.036,
        0.0357,
        0.0357,
        0.0357,
        0.0357
    ],
    "weighted_f1": [
        0.0304,
        0.0314,
        0.0314,
        0.0314,
        0.098,
        0.098,
        0.098,
        0.0638,
        0.0314,
        0.0314,
        0.0356,
        0.0356,
        0.0356,
        0.0356,
        0.0356,
        0.0359,
        0.0356,
        0.0356,
        0.0356,
        0.0356
    ],
    "macro_precision": [
        0.0416,
        0.0191,
        0.0191,
        0.0191,
        0.0353,
        0.0353,
        0.0353,
        0.1369,
        0.0191,
        0.0191,
        0.0204,
        0.0204,
        0.0204,
        0.0204,
        0.0204,
        0.1632,
        0.0204,
        0.0204,
        0.0204,
        0.0204
    ],
    "macro_recall": [
        0.139,
        0.1429,
        0.1429,
        0.1429,
        0.1429,
        0.1429,
        0.1429,
        0.1512,
        0.1429,
        0.1429,
        0.1429,
        0.1429,
        0.1429,
        0.1429,
        0.1429,
        0.143,
        0.1429,
        0.1429,
        0.1429,
        0.1429
    ],
    "per_class_f1_final": [
        0.0,
        0.0,
        0.2497,
        0.0,
        0.0,
        0.0,
        0.0
    ],
    "emotion_names": [
        "Angry",
        "Disgust",
        "Fear",
        "Happy",
        "Sad",
        "Surprise",
        "Neutral"
    ],
    "confusion_matrix_final": [
        [
            0,
            0,
            958,
            0,
            0,
            0,
            0
        ],
        [
            0,
            0,
            111,
            0,
            0,
            0,
            0
        ],
        [
            0,
            0,
            1024,
            0,
            0,
            0,
            0
        ],
        [
            0,
            0,
            1774,
            0,
            0,
            0,
            0
        ],
        [
            0,
            0,
            1247,
            0,
            0,
            0,
            0
        ],
        [
            0,
            0,
            831,
            0,
            0,
            0,
            0
        ],
        [
            0,
            0,
            1233,
            0,
            0,
            0,
            0
        ]
    ],
    "dp_epsilon": [
        15.995,
        22.62,
        27.704,
        31.99,
        35.766,
        39.18,
        42.319,
        45.241,
        47.985,
        50.581,
        53.05,
        55.409,
        57.671,
        59.848,
        61.949,
        63.98,
        65.949,
        67.861,
        69.721,
        71.532
    ],
    "attack_detection_rate": [
        1.0,
        1.0,
        1.0,
        1.0,
        1.0,
        1.0,
        1.0,
        1.0,
        1.0,
        1.0,
        1.0,
        1.0,
        1.0,
        1.0,
        1.0,
        1.0,
        1.0,
        1.0,
        1.0,
        1.0
    ],
    "false_positive_rate": [
        0.0,
        0.0,
        0.0,
        0.0,
        0.0,
        0.0,
        0.0,
        0.0,
        0.0,
        0.0,
        0.0,
        0.0,
        0.0,
        0.0,
        0.0,
        0.0,
        0.0,
        0.0,
        0.0,
        0.0
    ],
    "total_clients": [
        5,
        5,
        5,
        5,
        5,
        5,
        5,
        5,
        5,
        5,
        5,
        5,
        5,
        5,
        5,
        5,
        5,
        5,
        5,
        5
    ],
    "anomalous_clients": [
        1,
        1,
        1,
        1,
        1,
        1,
        1,
        1,
        1,
        1,
        1,
        1,
        1,
        1,
        1,
        1,
        1,
        1,
        1,
        1
    ],
    "blocked_cids": [
        [
            "4"
        ],
        [
            "4"
        ],
        [
            "4"
        ],
        [
            "4"
        ],
        [
            "4"
        ],
        [
            "4"
        ],
        [
            "4"
        ],
        [
            "4"
        ],
        [
            "4"
        ],
        [
            "4"
        ],
        [
            "4"
        ],
        [
            "4"
        ],
        [
            "4"
        ],
        [
            "4"
        ],
        [
            "4"
        ],
        [
            "4"
        ],
        [
            "4"
        ],
        [
            "4"
        ],
        [
            "4"
        ],
        [
            "4"
        ]
    ],
    "communication_overhead_mb": [
        75.94,
        151.88,
        227.82,
        303.77,
        379.71,
        455.65,
        531.59,
        607.53,
        683.47,
        759.41,
        835.36,
        911.3,
        987.24,
        1063.18,
        1139.12,
        1215.06,
        1291.0,
        1366.95,
        1442.89,
        1518.83
    ],
    "model_parameters": 1990759,
    "model_size_mb": 7.59,
    "num_clients": 5,
    "local_epochs": 3,
    "learning_rate": 0.001,
    "batch_size": 64,
    "mu_fedprox": 0.01,
    "dp_enabled": true,
    "dp_norm_clip": 1.0,
    "dp_noise_multiplier": 0.3,
    "attacker_cid": "4",
    "attack_type": "sign_flip"
}